name,website,email,phone,location,source
Con Edison,,,(646) 823-9076,"476 5th AveNew York, NY 10018",YellowPages
"Consolidated Edison, Inc",http://coned.com,,(212) 942-8029,"687 W 204th StNew York, NY 10034",YellowPages
Finn Power Energy Corporation,,,(212) 203-1560,"48 Wall St Ste 1100New York, NY 10005",YellowPages
E-Electricians.com,http://www.e-electricians.com,,(212) 982-1752,"40 Avenue DNew York, NY 10009",YellowPages
Metro Electrical Contractors,,,(347) 559-5216,"99 Hudson StNew York, NY 10013",YellowPages
Electrician Service In New York NY,,,(347) 518-1481,"819 Clark StreetNew York, NY 10003",YellowPages
"Consolidated Edison Company of New York, Inc.",https://www.coned.com,,(212) 460-4600,"4 Irving PlNew York, NY 10003",YellowPages
S J Electric Inc,,,(212) 571-1496,"110 Church StNew York, NY 10007",YellowPages
Con Edison,http://coned.com,,(646) 833-7500,"8 Spruce StNew York, NY 10038",YellowPages
Con Edison,http://coned.com,,(646) 791-8575,"101 Worth StNew York, NY 10013",YellowPages
Hugh O Kane Electric,,,(212) 334-0847,"90 White StNew York, NY 10013",YellowPages
Con Edison,http://coned.com,,(646) 864-3278,"195 BroadwayNew York, NY 10007",YellowPages
Con Edison,http://coned.com,,(646) 449-9384,"150 William StNew York, NY 10038",YellowPages
Con,,,(646) 559-2796,"411 Pearl StNew York, NY 10038",YellowPages
Con Edison,http://coned.com,,(212) 962-2769,"115 BroadwayNew York, NY 10006",YellowPages
Consolidated Edison Company of New York,http://coned.com,,(212) 785-8398,"39 E BroadwayNew York, NY 10002",YellowPages
Con Edison,,,(646) 850-5010,"226 West StNew York, NY 10282",YellowPages
"TerraForm Power NY Holdings, Inc",https://www.terraformpower.com/contact-us,,(646) 992-2400,"200 Liberty StNew York, NY 10281",YellowPages
EnPowered USA,http://en-powered.com,,(888) 280-0790,"14 Wall St Ste 20New York, NY 10005",YellowPages
US Power Generating,,,(718) 765-2280,"1 Wall StNew York, NY 10005",YellowPages
Con Edison,http://coned.com,,(212) 422-5921,"45 Wall StNew York, NY 10005",YellowPages
Cohezia USA,http://cohezia.com,,(212) 785-1855,"161 Maiden LnNew York, NY 10038",YellowPages
"Consolidated Edison, Inc",http://coned.com,,(646) 476-7418,"88 Pine StNew York, NY 10005",YellowPages
Con Edison,http://coned.com,,(646) 476-7418,"88 Pine StNew York, NY 10005",YellowPages
Con Edison,http://coned.com,,(212) 785-8398,"39 BroadwayNew York, NY 10006",YellowPages
High Tech Electric,,,(212) 924-6394,"325 Hudson StNew York, NY 10013",YellowPages
Consolidated Edison Co-NY Inc,,,(212) 982-4660,"88 Bleecker StNew York, NY 10012",YellowPages
Con Edison Customer Service Electric and Gas Emerg,http://www.coned.com,,(646) 364-2400,"4 Irving PlNew York, NY 10003",YellowPages
Difazio Power & Electric,,,(212) 675-3432,"203 W 12th StNew York, NY 10011",YellowPages
Gansevoort Coop Corp,,,(212) 675-1845,"336 W 13th StNew York, NY 10014",YellowPages
Argueta Construction,http://www.arguetaconstruction.com,,(323) 539-1600,"Los Angeles, CA 90063",YellowPages
Norton Electric Wholesale,,,(323) 222-7181,"1009 N Main StLos Angeles, CA 90012",YellowPages
OCA Electrical,http://www.ocaelectrical.com,,(323) 259-0299,"7462 N Figueroa StLos Angeles, CA 90041",YellowPages
Lexlor Electric,https://www.lexlorelectric.com,,(213) 422-2976,"409 W 102nd StLos Angeles, CA 90003",YellowPages
Amass,,,(213) 572-0966,"650 S Hill StLos Angeles, CA 90014",YellowPages
Regreen Inc,,,(323) 261-0766,"201 S Anderson StLos Angeles, CA 90033",YellowPages
Dynalectric,,,(213) 674-7728,"1300 W Olympic BlvdLos Angeles, CA 90015",YellowPages
Calgtech,https://www.calgtech.com?page_id=8,,(323) 855-7212,"1605 W Olympic BlvdLos Angeles, CA 90015",YellowPages
Department of Water and Power,http://ladwp.com,lynne.walsh@acquia.com,(800) 342-5397,"919 S Soto StLos Angeles, CA 90023",YellowPages
Dynalectric Los Angeles,http://dyna-la.com,,(213) 637-0147,"2500 W Olympic BlvdLos Angeles, CA 90006",YellowPages
Bestek Electrical System And Company,,,(323) 932-0098,"2810 Beverly BlvdLos Angeles, CA 90057",YellowPages
Smudge,http://www.smudgephotostudio.com,,(323) 938-1057,"1221 S La Brea AveLos Angeles, CA 90019",YellowPages
American Electric & Power Corp,,,(562) 506-3727,"5153 3rd AveLos Angeles, CA 90043",YellowPages
Department of Water and Power,http://ladwp.com,lynne.walsh@acquia.com,(800) 342-5397,"4030 Crenshaw BlvdLos Angeles, CA 90008",YellowPages
9 Electric,,,(818) 535-9654,"1850 Whitley AveLos Angeles, CA 90028",YellowPages
Charity+Power Inc,https://charitypluspower.com/contact-us,info@charitypluspower.com,(323) 356-5793,"2801 Belden DrLos Angeles, CA 90068",YellowPages
Department of Water and Power,http://ladwp.com,lynne.walsh@acquia.com,(800) 342-5397,"1686 E 103rd StLos Angeles, CA 90002",YellowPages
Kambiz Zar,,,(310) 841-2000,"8471 Beverly BlvdLos Angeles, CA 90048",YellowPages
Pc &Amp; Mac Repair La,,,(213) 986-5722,"4859 W Slauson AveLos Angeles, CA 90056",YellowPages
Grumman Northrop,,,(310) 595-1035,"1840 Century Park E Ste 1200Los Angeles, CA 90067",YellowPages
Ameri-Cal Electric,,,(310) 986-8087,"5757 W Century BlvdLos Angeles, CA 90045",YellowPages
Ecology by Design,http://ecologybydesign.com,,(310) 470-8055,"10721 Ashton AveLos Angeles, CA 90024",YellowPages
Miago Enterprises Inc,,,(323) 264-4651,"8939 S Sepulveda Blvd Ste 220Los Angeles, CA 90045",YellowPages
Lewis Electric Co,,,(310) 641-1561,"5932 Shenandoah AveLos Angeles, CA 90056",YellowPages
GAPPA ELECTRIC,,,(323) 871-5898,"2432 Hunter StLos Angeles, CA 90021",YellowPages
Kelter Electric Company Inc,http://www.kelterelectric.com,,(323) 222-0961,"2318 Elmgrove StLos Angeles, CA 90031",YellowPages
Eastern Electric,,,(213) 590-4108,"1106 S New Hampshire AveLos Angeles, CA 90006",YellowPages
Inti Energy Solutions,,,(323) 540-9797,"3655 Harriman AveLos Angeles, CA 90032",YellowPages
Paskus Electric Co,,,(323) 935-9098,"2200 S La Brea AveLos Angeles, CA 90016",YellowPages
Dynalectric,,,(310) 838-2710,"3231 S La Cienega BlvdLos Angeles, CA 90016",YellowPages
at&t Software LLC,,,(682) 402-4321,"Los Angeles, CA 90014",YellowPages
Nine Eye Interactive Media,,,(213) 673-1459,"4470 W Sunset Blvd Ste 569Los Angeles, CA 90027",YellowPages
Design Studio Academy,,,(323) 544-0032,"2404 Wilshire BlvdLos Angeles, CA 90057",YellowPages
Executive Image,,,(626) 607-1717,"1010 Wilshire BlvdLos Angeles, CA 90017",YellowPages
"True Biz Partner, Inc.",,,(323) 800-2541,"7318 Melrose Ave Unit ALos Angeles, CA 90046",YellowPages
A Referral network for professionals,,,(310) 592-8485,"Los Angeles, CA 90068",YellowPages
Catalina Market,https://www.catalina.com/press-releases/catalina-partners-with-adquick-com-to-provide-purchase-based-audience,hello@coldandgoji.com,(727) 579-5000,"3672 W 3rd StLos Angeles, CA 90020",YellowPages
CIPS Marketing Group Inc,,,(310) 769-6900,"13110 Avalon BlvdLos Angeles, CA 90061",YellowPages
"GT Events, Inc.",http://gteagency.com,,(310) 204-3970,"3611 Motor Ave Ste 200Los Angeles, CA 90034",YellowPages
Phaz2 Mobile Marketing,http://phaz2.2656marketing.com/index.php/sample-page,,(323) 960-4510,"5300 Melrose Ave Ste 325Los Angeles, CA 90038",YellowPages
"Americaneagle.com, Inc.",https://www.americaneagle.com/locations/los-angeles?utm_source=google&utm_medium=organic&utm_campaign=gbl,info@americaneagle.com,(310) 295-3207,"1800 Century Park E Ste 600Los Angeles, CA 90067",YellowPages
City View Marketing,http://www.cityviewmarketing.com,info@cityviewmarketing.com,(323) 317-1628,"752 S Main StLos Angeles, CA 90014",YellowPages
Affinity Models and Talent Agency,http://www.affinitytalent.com,ross@affinityartists.com,(323) 525-0577,"5455 Wilshire Blvd Ste 1010Los Angeles, CA 90036",YellowPages
Thrive Internet Marketing Agency,https://thriveagency.com/los-angeles-digital-marketing,,(323) 431-9662,"515 S Flower St 36th FlLos Angeles, CA 90071",YellowPages
"HireInfluence, Inc. - Influencer Marketing Agency",https://hireinfluence.com,,(800) 535-4732,"3415 S Sepulveda Blvd Ste 1100Los Angeles, CA 90034",YellowPages
Sytiq Global,,,(916) 436-5846,"3162 S Vermont AveLos Angeles, CA 90007",YellowPages
Brand Knew,http://www.brand-knew.com,info@brand-knew.com,(310) 277-0918,"10351 Santa Monica Blvd Ste 202Los Angeles, CA 90025",YellowPages
Kultremedia,https://kultremedia.com/contact-us,hello@kultremedia.com,(310) 331-8742,"506 S Spring StLos Angeles, CA 90013",YellowPages
Attorney Marketing Network,http://www.attorneymarketingnetwork.com,,(877) 899-8480,"555 W 5th StLos Angeles, CA 90013",YellowPages
#Smart Marketing,http://www.hashtag-smart.com,,(323) 716-2021,"555 W 5th St 35th FlLos Angeles, CA 90013",YellowPages
Emarketed,https://www.emarketed.com/about,,(323) 443-8680,"777 S Alameda StLos Angeles, CA 90021",YellowPages
Xivic,http://xivic.com,wght@200..700,(323) 525-0108,"7461 Beverly Blvd Ste 400Los Angeles, CA 90036",YellowPages
Pink Shark Marketing,https://pinksharkmarketing.com/our-blog/?srsltid=AfmBOooVJzj-e9ixg5ecVN_R2SrL7Gzl4Ir-ZNaDP25BiG1zjI_FXCf9,info@pinksharkmarketing.com,(888) 523-9085,"145 S Fairfax AveLos Angeles, CA 90036",YellowPages
Finfrock Marketing,https://www.finfrockmarketing.com,,(888) 693-5450,"5757 W Century Blvd Ste 650-ILos Angeles, CA 90045",YellowPages
Wasserman,http://www.teamwass.com,,(310) 407-0200,"10900 Wilshire Blvd Ste 1200Los Angeles, CA 90024",YellowPages
Adler Weiner Research,http://www.adlerweiner.com,,(310) 440-2330,"10960 Wilshire Blvd Ste 1250Los Angeles, CA 90024",YellowPages
Cool Marketing Group,http://www.coolmarketinggroup.com,,(888) 832-9106,"11870 Santa Monica BlvdLos Angeles, CA 90025",YellowPages
Map Ranking,https://mapranking.com,,(833) 932-7483,"408 S Spring StLos Angeles, CA 90013",YellowPages
IllumeNight,,,(213) 572-2304,"915 Wilshire Blvd Ste 1760Los Angeles, CA 90017",YellowPages
SeedX Inc,http://www.seedx.us,,(646) 859-2328,"1420 S Figueroa StLos Angeles, CA 90015",YellowPages
